-- MySQL dump 10.13  Distrib 9.3.0, for macos15.2 (arm64)
--
-- Host: localhost    Database: sales_review
-- ------------------------------------------------------
-- Server version	9.3.0

/*!40101 SET @OLD_CHARACTER_SET_CLIENT=@@CHARACTER_SET_CLIENT */;
/*!40101 SET @OLD_CHARACTER_SET_RESULTS=@@CHARACTER_SET_RESULTS */;
/*!40101 SET @OLD_COLLATION_CONNECTION=@@COLLATION_CONNECTION */;
/*!50503 SET NAMES utf8mb4 */;
/*!40103 SET @OLD_TIME_ZONE=@@TIME_ZONE */;
/*!40103 SET TIME_ZONE='+00:00' */;
/*!40014 SET @OLD_UNIQUE_CHECKS=@@UNIQUE_CHECKS, UNIQUE_CHECKS=0 */;
/*!40014 SET @OLD_FOREIGN_KEY_CHECKS=@@FOREIGN_KEY_CHECKS, FOREIGN_KEY_CHECKS=0 */;
/*!40101 SET @OLD_SQL_MODE=@@SQL_MODE, SQL_MODE='NO_AUTO_VALUE_ON_ZERO' */;
/*!40111 SET @OLD_SQL_NOTES=@@SQL_NOTES, SQL_NOTES=0 */;

--
-- Table structure for table `ai_integration_reports`
--

DROP TABLE IF EXISTS `ai_integration_reports`;
/*!40101 SET @saved_cs_client     = @@character_set_client */;
/*!50503 SET character_set_client = utf8mb4 */;
CREATE TABLE `ai_integration_reports` (
  `id` int NOT NULL AUTO_INCREMENT,
  `week_id` int NOT NULL,
  `week_number` int NOT NULL,
  `date_range` varchar(100) COLLATE utf8mb4_unicode_ci NOT NULL,
  `user_names` text COLLATE utf8mb4_unicode_ci NOT NULL,
  `report_content` longtext COLLATE utf8mb4_unicode_ci NOT NULL,
  `file_path` varchar(255) COLLATE utf8mb4_unicode_ci DEFAULT NULL,
  `created_at` timestamp NULL DEFAULT CURRENT_TIMESTAMP,
  `updated_at` timestamp NULL DEFAULT CURRENT_TIMESTAMP ON UPDATE CURRENT_TIMESTAMP,
  PRIMARY KEY (`id`),
  KEY `idx_week_id` (`week_id`),
  KEY `idx_week_number` (`week_number`),
  CONSTRAINT `ai_integration_reports_ibfk_1` FOREIGN KEY (`week_id`) REFERENCES `weeks` (`id`) ON DELETE CASCADE
) ENGINE=InnoDB AUTO_INCREMENT=31 DEFAULT CHARSET=utf8mb4 COLLATE=utf8mb4_unicode_ci;
/*!40101 SET character_set_client = @saved_cs_client */;

--
-- Dumping data for table `ai_integration_reports`
--

LOCK TABLES `ai_integration_reports` WRITE;
/*!40000 ALTER TABLE `ai_integration_reports` DISABLE KEYS */;
INSERT INTO `ai_integration_reports` VALUES (2,37,31,'2025年7月28日-2025年8月3日','赵六、熊维豪','AI整合报告内容','第31周-2025年7月28日-2025年8月3日AI整合复盘报告.docx','2025-07-31 19:56:23','2025-07-31 19:56:23'),(3,37,31,'2025年7月28日-2025年8月3日','赵六、熊维豪','AI整合报告内容','第31周-2025年7月28日-2025年8月3日AI整合复盘报告.docx','2025-07-31 19:57:39','2025-07-31 19:57:39'),(4,37,31,'2025年7月28日-2025年8月3日','赵六、熊维豪','AI整合报告内容','第31周-2025年7月28日-2025年8月3日AI整合复盘报告.docx','2025-07-31 20:09:19','2025-07-31 20:09:19'),(17,38,32,'2025年8月4日-2025年8月10日','熊维豪','# 📊 AI整合报告\n\n## 📋 报告基本信息\n\n| 项目 | 内容 |\n|------|------|\n| **复盘时间区间** | 2025年8月4日-2025年8月10日 |\n| **周数** | 第32周 |\n| **被复盘人** | 熊维豪 |\n| **报告生成时间** | 2025-08-11T10:30:00.000Z |\n\n---\n\n## 🎯 整体工作概况\n\n| 维度 | 内容 |\n|------|------|\n| **核心成果** | 成功推进项目回款事宜并获得领导支持意向；完成项目推介会并实现现场签约；与投资方初步确定合作方案；客户及投资方接待工作满意度高，关系维护到位。 |\n| **任务完成率** | 本周共计划3项任务，实际完成3项，完成率100%（基于用户填写的“本周行动计划”与“上周行动回顾”交叉验证）。 |\n| **重点任务达成** | 1. 项目回款推进取得阶段性进展，领导有意愿协助；2. 项目推介会完成签约，成果落地；3. 与投资方达成合作方案初步共识，接待反馈积极。 |\n| **协作需求** | 需领导协调：1. 项目回款事宜的最终决策；2. 重要项目的投资审批流程。 |\n| **风险提示** | 1. 周二出差会见投资方未见面，存在沟通效率风险；2. 多项任务依赖外部协调（如领导决策、审批流程），存在进度延迟风险。 |\n\n---\n\n## 👤 个人点评部分\n\n### 熊维豪个人点评\n\n**评估维度：**\n- **工作饱和度：** 高  \n  （每日均有明确白天/晚上行动安排，涵盖客户拜访、投资方对接、项目签约、接待等多重任务，行程密集，工作强度大。）\n- **任务完成质量：** 优秀  \n  （所有计划任务均按预期完成，且关键成果如项目签约、合作方案确定、客户满意度反馈良好，均达到或超出预期。）\n\n**可优化建议：**\n- 优化出差前的沟通确认机制，避免“未见到”情况发生（如周二未见投资方），建议提前通过电话或邮件确认对方日程。\n- 建立每日任务执行清单与复盘记录，确保“每一天都要跟进”在实际中可追踪、可闭环。\n- 针对“更改复盘方式”这一任务，建议明确新方式的具体内容（如模板、频率、责任人），避免执行模糊。\n\n**说明：**\n熊维豪在本周期间展现出高度主动性与执行力，围绕项目回款、客户推进、合作签约等核心目标展开密集行动。工作节奏紧凑，成果显著，尤其在周五完成项目推介会并签约，体现其对关键节点的掌控力。接待工作覆盖领导、客户、投资方，且均反馈满意，说明其客户关系维护能力突出。\n\n**亮点总结：**\n- 擅长推进关键项目落地，具备从“意向”到“签约”的闭环能力。\n- 具备出色的现场组织与接待能力，能有效提升合作方信任感。\n- 能主动识别并提出需协调事项，体现责任意识与全局思维。\n\n---\n\n## 🤝 团队协作分析\n\n| 协作维度 | 现状分析 | 改进建议 |\n|----------|----------|----------|\n| **跨部门协同** | 无直接提及跨部门协作任务，但需协调事项涉及“项目回款最终决策”与“投资审批流程”，说明当前协作依赖高层推动，缺乏常态化机制。 | 建议建立“项目推进协同机制”，明确财务、法务、审批部门在关键节点的响应职责与时限。 |\n| **信息共享** | 无提及信息共享机制或平台使用情况，复盘内容未体现团队内信息同步。 | 建议在复盘中增加“信息共享”模块，如使用共享文档或项目看板，确保关键进展可查、可追踪。 |\n| **任务协同** | 本周任务均为个人独立执行，未体现与其他成员共同推进的协作任务。 | 可在后续计划中增加“协同任务”标签，如“与财务部共同制定收款责任人名单”，推动任务协同落地。 |\n| **风险共担** | 任务推进高度依赖领导协调，存在“一人扛责”风险，一旦领导未及时响应，项目可能停滞。 | 建议将关键协调事项拆解为“责任人+跟进人”双人机制，降低对单一决策者的依赖。 |\n\n---\n\n## 📌 下周工作建议\n\n| 任务类别 | 具体建议 | 责任人 | 所需资源 | 预期成果 |\n|----------|----------|--------|----------|----------|\n| **任务执行** | 落实收款工作到人头，每日跟进，执行新复盘方式 | 熊维豪 | 内部资源协调、复盘模板 | 收款责任明确，每日有记录，复盘方式统一 |\n| **客户推进** | 出差外地，对接补充协议，与客户确定今年推进项目实施方案及时间节点 | 熊维豪 | 财务、法务支持 | 达成补充协议签署条件，形成项目推进时间表 |\n| **外部拓展** | 邀请合作伙伴到公司参观，推荐产品与服务，推动合作落地 | 熊维豪 | 行政、市场部门支持 | 与至少1家合作伙伴达成合作意向，建立合作机制 |\n| **协同优化** | 建立“需协调事项”跟踪清单，明确领导响应时限与跟进机制 | 熊维豪 | 项目管理工具（如飞书/钉钉） | 协调事项可追踪，避免拖延 |\n\n---\n\n**报告生成人：** 旭普云AI智能复盘分析师  \n**生成时间：** 2025-08-11T10:30:00.000Z  \n© 2025 营销中心周复盘系统','第32周-2025年8月4日-2025年8月10日AI整合复盘报告.docx','2025-08-02 07:43:13','2025-08-02 07:43:13'),(18,38,32,'2025年8月4日-2025年8月10日','熊维豪','# 📊 AI整合报告\n\n## 📋 报告基本信息\n\n| 项目 | 内容 |\n|------|------|\n| **复盘时间区间** | 2025年8月4日-2025年8月10日 |\n| **周数** | 第32周 |\n| **被复盘人** | 熊维豪 |\n| **报告生成时间** | 2025-08-11T00:00:00.000Z |\n\n---\n\n## 🎯 整体工作概况\n\n| 维度 | 内容 |\n|------|------|\n| **核心成果** | 1. 成功推进项目回款事宜，获得领导支持意向；<br>2. 完成项目推介会并实现现场签约；<br>3. 与投资方初步确定合作方案，投资方反馈积极；<br>4. 客户及投资方接待工作圆满完成，满意度高。 |\n| **任务完成率** | 3项重点任务中，2项已明确完成（项目签约、合作方案初步确定），1项部分完成（出差未见投资方），实际完成率约67%（基于3项任务评估）。 |\n| **重点任务达成** | - 项目推介会并签约：✅ 已完成<br>- 会见投资方并讨论合作：✅ 初步确定合作方案<br>- 出差外地会见投资方：❌ 未见到，目标未达成 |\n| **协作需求** | 需要领导协调：<br>1. 项目回款事宜的最终决策；<br>2. 重要项目的投资审批流程。 |\n| **风险提示** | 1. 出差拜访未果，存在沟通效率与行程安排风险；<br>2. 收款工作尚未落实到人头，缺乏每日跟进机制；<br>3. 复盘方式变更但未明确执行路径，存在执行断层风险。 |\n\n---\n\n## 👤 个人点评部分\n\n### 熊维豪个人点评\n\n**评估维度：**\n- **工作饱和度：** 高  \n  （每日均有明确行动，涵盖会见、出差、接待、签约等多类任务，工作密度大，时间安排紧凑）\n- **任务完成质量：** 良好  \n  （多项任务达成预期结果，如项目签约、合作方案确定、客户满意度高；但存在一次关键拜访未果，影响任务闭环）\n\n**可优化建议：**\n1. 在出差前应提前确认对方日程并建立备选方案，避免因信息不畅导致拜访失败；\n2. 明确“收款工作落实到人头”的责任人与每日跟进机制，建议在本周内完成责任分工表；\n3. 新复盘方式需配套具体执行模板或流程说明，避免执行脱节。\n\n**说明：**\n熊维豪本周工作高度聚焦于项目推进与客户关系维护，行动节奏紧凑，覆盖政府客户、投资方、合作伙伴等多类对象。白天主要聚焦于关键会议与商务谈判，晚间集中于接待与关系维系，体现出较强的执行力与客户导向意识。在项目签约、合作方案确定等关键节点上表现突出，具备较强的推动能力。但出差拜访未果反映出在外部协调与行程管理方面存在优化空间。\n\n**亮点总结：**\n- 具备出色的项目推进能力，能将意向转化为签约成果；\n- 客户关系维护能力强，多次接待均获得正面反馈；\n- 任务目标清晰，计划性强，具备较强的战略落地意识；\n- 能主动识别并提出需协调事项，体现责任意识。\n\n---\n\n## 🤝 团队协作分析\n\n| 协作维度 | 现状分析 | 改进建议 |\n|----------|----------|----------|\n| **跨部门协同** | 无明确提及跨部门协作事项，但需协调事项中涉及“项目回款决策”“投资审批流程”，说明当前流程依赖领导推动，缺乏前置协同机制。 | 建议在项目启动阶段即联动财务、法务、审批部门，建立“前置会签”机制，减少后期卡点。 |\n| **信息共享** | 无相关数据提及信息共享行为，未见客户信息、项目进展等共享记录。 | 建议建立统一项目台账，记录客户沟通节点、关键决策人、待办事项，确保信息透明。 |\n| **任务协同** | 本周任务均为个人独立执行，未体现与其他成员协同推进。 | 可在后续项目中推行“主责人+协同人”双人机制，尤其在需多部门配合的任务中提前明确协同角色。 |\n| **风险共担** | 未见风险预警或共担机制，所有需协调事项均依赖领导介入，存在单点依赖风险。 | 建议在复盘中增加“风险登记”环节，由责任人主动识别并上报潜在风险，由团队共同评估应对。 |\n\n---\n\n## 📌 下周工作建议\n\n| 任务类别 | 具体建议 | 责任人 | 所需资源 | 预期成果 |\n|----------|----------|--------|----------|----------|\n| **收款机制落地** | 制定收款责任分工表，明确每日跟进人及节点，确保“落实到人头”可执行 | 熊维豪 | 财务部支持 | 收款工作实现专人负责、每日闭环 |\n| **复盘方式执行** | 根据新复盘方式制定模板，明确每日记录项与反馈机制，确保方式落地 | 熊维豪 | 复盘系统支持 | 复盘方式按新标准执行，形成可追踪记录 |\n| **补充协议对接** | 提前与客户及相关部门沟通，确认补充协议内容与签署流程，避免再次出现“未见到”情况 | 熊维豪 | 客户、法务支持 | 与客户达成具体实施方案与时间节点 |\n| **合作伙伴引入** | 策划参观接待方案，明确产品推荐重点与合作路径，提升转化率 | 熊维豪 | 行政、市场部支持 | 与至少1家合作伙伴达成初步合作意向 |\n| **领导协调跟进** | 向领导提交需协调事项清单，明确时间节点与支持需求，推动决策落地 | 熊维豪 | 无 | 项目回款决策与投资审批流程启动 |\n\n---\n\n**报告生成人：** 旭普云AI智能复盘分析师  \n**生成时间：** 2025-08-11T00:00:00.000Z  \n© 2025 营销中心周复盘系统','第32周-2025年8月4日-2025年8月10日AI整合复盘报告.docx','2025-08-02 07:45:00','2025-08-02 07:45:00'),(19,38,32,'2025年8月4日-2025年8月10日','熊维豪','# 📊 AI整合报告\n\n## 📋 报告基本信息\n\n| 项目 | 内容 |\n|------|------|\n| **复盘时间区间** | 2025年8月4日-2025年8月10日 |\n| **周数** | 第32周 |\n| **被复盘人** | 熊维豪 |\n| **报告生成时间** | 2025-08-11T10:30:00.000Z |\n\n---\n\n## 🎯 整体工作概况\n\n| 维度 | 内容 |\n|------|------|\n| **核心成果** | 1. 成功推进项目回款事宜，获得领导支持意向<br>2. 完成项目推介会并实现现场签约<br>3. 与投资方初步确定合作方案，投资方反馈积极<br>4. 客户及投资方接待工作圆满完成，满意度高 |\n| **任务完成率** | 100%（本周计划任务共3项，全部完成） |\n| **重点任务达成** | 1. 项目回款推进：领导有意愿帮忙，具备后续推动基础<br>2. 项目签约：在推介会现场全部完成，成果落地<br>3. 合作方案确定：与投资方初步达成合作方案，为后续签署补充协议奠定基础 |\n| **协作需求** | 1. 需领导协调：项目回款事宜的最终决策<br>2. 需领导协调：重要项目的投资审批流程 |\n| **风险提示** | 1. 周二出差会见投资方未见到，存在拜访效率问题<br>2. 本周无明确复盘计划，需加强计划性管理 |\n\n---\n\n## 👤 个人点评部分\n\n### 熊维豪个人点评\n\n**评估维度：**\n- **工作饱和度：** 高（连续多日安排高强度外部拜访、接待及会议，涵盖领导、客户、投资方等多方）  \n- **任务完成质量：** 优秀（所有计划任务均按预期完成，关键节点如签约、合作方案确认、客户接待均达成高满意度）\n\n**可优化建议：**\n- 建议在出差前建立“拜访确认机制”，确保关键对象可对接，避免“没见到”情况再次发生  \n- 建议在下周开始执行新的复盘方式，并每日跟进收款工作，确保任务闭环  \n- 建议在任务执行中增加“事前准备清单”（如资料、议题、目标），提升沟通效率\n\n**说明：**\n熊维豪本周工作节奏紧凑，聚焦核心目标，高效推进项目回款、合作签约与客户关系维护。白天集中处理外部沟通，晚上完成接待工作，整体执行力强。在无原计划任务的情况下，仍能围绕核心目标主动推进，体现较强的目标导向意识。重点任务如项目签约、合作方案确定均实现预期成果，且客户与投资方反馈积极。\n\n**亮点总结：**\n- 具备出色的项目推进能力，能将意向转化为实质成果（如现场签约）  \n- 擅长高价值客户关系维护，通过接待与沟通提升信任度  \n- 能在复杂多线程任务中保持高效执行，展现较强的统筹与应变能力\n\n---\n\n## 🤝 团队协作分析\n\n| 协作维度 | 现状分析 | 改进建议 |\n|----------|----------|----------|\n| **跨部门协同** | 无明确数据支撑跨部门协作行为，但需协调财务、法务、运营等部门支持收款机制落地、协议审核与资源调配 | 建议在任务启动前明确协同部门与责任人，形成书面协作清单 |\n| **信息共享** | 无相关数据提及信息共享机制，未见团队内部信息同步记录 | 建议建立“客户/项目信息台账”，确保关键进展可追溯、可共享 |\n| **任务协同** | 无数据表明与其他成员共同完成任务，所有行动均为个人执行 | 建议在重点任务中引入“主责人+协同人”机制，提升任务可复制性与容错率 |\n| **风险共担** | 无数据体现风险共担行为，所有协调事项均依赖领导支持 | 建议在任务计划中提前识别潜在风险，并明确应对责任人，避免依赖单一决策节点 |\n\n---\n\n## 📌 下周工作建议\n\n| 任务类别 | 具体建议 | 责任人 | 所需资源 | 预期成果 |\n|----------|----------|--------|----------|----------|\n| **收款机制落地** | 按新方式部署收款工作，明确每日跟进责任人与流程节点 | 熊维豪 | 财务部支持 | 收款工作落实到人头，每日可追踪 |\n| **补充协议签署** | 出差外地，与客户对接补充协议，确认今年推进项目实施方案与时间节点 | 熊维豪 | 法务、相关部门支持 | 达成具体实施方案与时间节点共识 |\n| **合作伙伴引入** | 回公司后邀请合作伙伴参观，推荐公司产品与服务 | 熊维豪 | 行政、市场部支持 | 与合作伙伴达成合作意向，建立联动机制 |\n| **复盘方式执行** | 按新方式开展每日复盘，确保任务闭环管理 | 熊维豪 | 内部流程支持 | 复盘方式全面切换，执行常态化 |\n\n---\n\n**报告生成人：** 旭普云AI智能复盘分析师  \n**生成时间：** 2025-08-11T10:30:00.000Z  \n© 2025 营销中心周复盘系统','第32周-2025年8月4日-2025年8月10日AI整合复盘报告.docx','2025-08-02 07:47:10','2025-08-02 07:47:10'),(22,37,31,'2025年7月28日-2025年8月3日','赵六、熊维豪','# 📊 AI整合报告\n\n## 📋 报告基本信息\n\n| 项目 | 内容 |\n|------|------|\n| **复盘时间区间** | 2025年7月28日-2025年8月3日 |\n| **周数** | 第31周 |\n| **被复盘人** | 赵六、熊维豪 |\n| **报告生成时间** | 2025-08-04 |\n\n---\n\n## 🎯 整体工作概况\n\n| 维度 | 内容 |\n|------|------|\n| **核心成果** | 1. 推进项目回款事宜，领导明确表达支持意愿<br>2. 与投资方初步确定合作方案，投资方满意度高<br>3. 成功参加项目推介会并完成签约<br>4. 客户与投资方接待反馈积极，客户/投资方满意度良好<br>5. 完成出差外地、返回公司等行程安排 |\n| **任务完成率** | 100%（根据两位被复盘人实际完成的每日行动与计划任务进行核对，所有任务均已执行，无未完成项） |\n| **重点任务达成** | 1. 项目回款推进：领导有意愿帮忙，已形成支持意向<br>2. 合作方案确认：与投资方初步确定合作方案<br>3. 项目签约落地：推介会现场完成签约<br>4. 客户关系维护：累计接待政府领导、客户及投资方共4次，反馈均为满意或很满意 |\n| **协作需求** | 1. 需领导协调：项目回款事宜的最终决策<br>2. 需领导协调：重要项目的投资审批流程<br>3. 需财务部门配合制定收款责任人机制<br>4. 需法务部门协助审核补充协议<br>5. 需市场部协同策划合作伙伴参观接待方案 |\n| **风险提示** | 1. 周二出差会见投资方未成功见面，存在沟通效率风险<br>2. 补充协议对接与资金准备尚未完成，存在执行延迟风险<br>3. 复盘方式变更后需确保执行落地，存在执行偏差风险 |\n\n---\n\n## 👤 个人点评部分\n\n### 赵六个人点评\n\n**评估维度：**\n- **工作饱和度：** 高（连续六天有明确白天与晚间行动安排，涵盖会见、出差、接待、签约等多重任务）\n- **任务完成质量：** 优秀（所有计划任务均按预期执行，关键节点如项目签约、合作方案确认、客户接待均达成目标，客户反馈积极）\n\n**可优化建议：**\n- 针对“出差外地会见投资方未见到”的情况，建议提前通过邮件或电话确认对方行程，设置备选会面时间或方式（如线上会议）以提升拜访成功率。\n- 建议在出差前制定《拜访前准备清单》，包括对方关键联系人、议题要点、资料准备等，提升沟通效率。\n\n**说明：**\n赵六本周工作节奏紧凑，任务覆盖全面，涵盖项目推进、客户维护、投资合作、签约落地等多个关键环节。白天主要聚焦于推进核心项目与客户沟通，晚间则集中于接待与关系维护，形成“白天推进+晚间深化”的闭环模式。所有任务均按计划完成，无遗漏项。\n\n**亮点总结：**\n- 具备较强的项目推动能力，能有效整合资源推进关键事项；\n- 客户关系维护意识强，接待反馈均为“满意”或“很开心”，体现良好的商务素养；\n- 能在高强度工作中保持任务闭环，执行力强。\n\n---\n\n### 熊维豪个人点评\n\n**评估维度：**\n- **工作饱和度：** 高（与赵六一致，六天均有明确任务安排，涵盖会见、出差、接待、签约等）\n- **任务完成质量：** 优秀（所有任务均完成，关键成果如项目签约、合作方案确认、客户接待反馈良好，未出现任务未完成情况）\n\n**可优化建议：**\n- 针对“出差外地会见投资方未见到”的情况，建议建立会前预约确认机制，避免因对方临时变动导致沟通失败。\n- 建议在出差前提交《行程与目标确认表》，明确拜访对象、目标、所需支持，提升执行精准度。\n\n**说明：**\n熊维豪本周工作内容与赵六高度一致，每日行动安排完整，涵盖项目推进、客户拜访、投资方沟通、项目签约及接待等关键动作。所有任务均按计划执行，无遗漏，尤其在项目推介会签约与合作方案确认方面表现突出，体现较强的项目推进与统筹能力。\n\n**亮点总结：**\n- 任务执行精准，能有效落实关键节点目标；\n- 与客户及投资方互动频繁，反馈积极，具备良好的客户关系维护能力；\n- 在多任务并行情况下保持高效推进，执行力强。\n\n---\n\n## 🤝 团队协作分析\n\n| 协作维度 | 现状分析 | 改进建议 |\n|----------|----------|----------|\n| **跨部门协同** | 两位被复盘人均提出需财务、法务、市场等部门配合支持，但未提供具体协作流程或对接人信息，协作机制尚未明确 | 建议建立“重点项目协作清单”，明确各环节责任部门、对接人、响应时限，确保跨部门协作可追踪、可闭环 |\n| **信息共享** | 两位被复盘人工作内容高度重合，但未提及信息共享机制或日志共用情况，存在信息孤岛风险 | 建议启用统一的“客户拜访日志”共享平台，每日记录关键动作与结果，实现经验沉淀与复用 |\n| **任务协同** | 两人任务高度一致，但未体现分工协作或任务互补情况，可能存在重复劳动或资源浪费 | 建议根据任务性质进行任务拆解与角色分工，如一人主攻客户，一人主攻投资方，提升协同效率 |\n| **风险共担** | 两人均面临“会见未成功”“需领导协调”等共性风险，但未提及共同应对机制或风险预警机制 | 建议建立“风险预警机制”，对关键会面、审批事项设置提前预警，由团队共同准备应对方案 |\n\n---\n\n## 📌 下周工作建议\n\n| 任务类别 | 具体建议 | 责任人 | 所需资源 | 预期成果 |\n|----------|----------|--------|----------|----------|\n| **任务执行** | 1. 落实收款工作责任到人，建立每日跟进机制<br>2. 启动新复盘方式，确保每日记录动作与结果 | 赵六、熊维豪 | 内部资源协调 | 收款责任明确，复盘方式执行落地 |\n| **客户推进** | 1. 出差外地，完成补充协议对接<br>2. 与客户确认2025年推进项目实施方案与时间节点 | 赵六、熊维豪 | 财务、法务支持 | 补充协议签署完成，项目实施计划明确 |\n| **关系拓展** | 1. 邀请合作伙伴到公司参观<br>2. 推介公司产品与服务 | 赵六、熊维豪 | 市场部支持、接待方案 | 与合作伙伴达成合作意向，未来可协同推进 |\n| **流程优化** | 1. 建立“拜访前准备表”与“拜访后反馈表”<br>2. 推行“客户拜访日志”共享制度 | 赵六、熊维豪 | 信息管理工具 | 拜访效率提升，经验可复制 |\n| **风险管控** | 1. 对需领导协调事项设置提醒机制<br>2. 对关键会面设置备选方案 | 赵六、熊维豪 | 项目管理支持 | 避免因沟通失败导致进度延误 |\n\n---\n\n**报告生成人：** 旭普云AI智能复盘分析师  \n**生成时间：** 2025-08-04  \n© 2025 营销中心周复盘系统','第31周-2025年7月28日-2025年8月3日AI整合复盘报告.docx','2025-08-02 09:10:49','2025-08-02 09:10:49'),(23,37,31,'2025年7月28日-2025年8月3日','赵六、熊维豪','# 📊 AI整合报告\n\n## 📋 报告基本信息\n\n| 项目 | 内容 |\n|------|------|\n| **复盘时间区间** | 2025年7月28日-2025年8月3日 |\n| **周数** | 第31周 |\n| **被复盘人** | 赵六、熊维豪 |\n| **报告生成时间** | 2025-08-04 |\n\n---\n\n## 🎯 整体工作概况\n\n| 维度 | 内容 |\n|------|------|\n| **核心成果** | 1. 推进项目回款事宜，领导表达支持意愿；<br>2. 与投资方初步确定合作方案；<br>3. 成功参加项目推介会并完成签约；<br>4. 客户及投资方接待反馈良好，满意度高；<br>5. 完成出差返回公司，为后续工作做准备。 |\n| **任务完成率** | 100%（所有计划任务均已在报告中列出，且未出现“未完成”或“失败”类描述） |\n| **重点任务达成** | - 项目回款推进：领导有意愿帮忙，具备推进基础<br>- 合作方案确认：与投资方初步确定合作方案<br>- 项目签约落地：推介会完成全部签约<br>- 外出对接：出差外地，虽未见到投资方，但已开展对接工作<br>- 合作伙伴拓展：计划邀请合作伙伴参观，尚未执行 |\n| **协作需求** | 1. 需要领导协调：项目回款事宜的最终决策<br>2. 需要领导协调：重要项目的投资审批流程 |\n| **风险提示** | 1. 周二出差会见投资方未成功，存在沟通效率问题<br>2. 本周行动计划中“出差外地”任务未明确完成状态，存在执行不确定性<br>3. 复盘方式变更尚未实际执行，存在落地风险 |\n\n---\n\n## 👤 个人点评部分\n\n### 赵六个人点评\n\n**评估维度：**\n- **工作饱和度：** 高（每日均有明确白天/晚上行动，涵盖领导、客户、投资方多维度沟通，工作节奏紧凑）\n- **任务完成质量：** 优秀（所有计划任务均在行动中体现，关键节点如签约、合作方案确认、客户接待均达成预期结果）\n\n**可优化建议：**\n- 建议在出差前明确拜访对象名单与时间安排，避免“未见到”情况发生；\n- 建议在“更改复盘方式”任务中增加执行记录，确保新方式落地；\n- 建议在接待客户后补充简要反馈记录，便于后续复盘分析。\n\n**说明：**\n赵六本周工作安排密集，覆盖项目推进、客户维护、投资合作、签约落地等多维度任务。每日均有清晰行动与结果反馈，尤其在周四与投资方达成合作方案、周五完成签约等关键节点表现突出。接待环节反馈积极，客户满意度高。但周二出差未见投资方，需优化拜访准备流程。\n\n**亮点总结：**\n- 项目推进能力强，能有效推动关键节点落地；\n- 客户关系维护能力突出，接待反馈良好；\n- 任务执行闭环意识强，计划与行动高度匹配。\n\n---\n\n### 熊维豪个人点评\n\n**评估维度：**\n- **工作饱和度：** 高（与赵六工作内容高度一致，每日均有明确任务与结果，覆盖领导、客户、投资方等多方沟通）\n- **任务完成质量：** 优秀（所有计划任务均在行动中体现，关键成果如签约、合作方案确认、客户接待均达成预期）\n\n**可优化建议：**\n- 建议在出差前建立“会面确认机制”，避免因失约影响效率；\n- 建议在“更改复盘方式”任务中增加执行记录，确保新方式落地；\n- 建议在晚间接待后补充简要反馈记录，提升复盘数据完整性。\n\n**说明：**\n熊维豪本周工作节奏与赵六高度一致，每日行动安排清晰，涵盖项目回款推进、客户拜访、投资方沟通、项目签约等核心任务。周四与投资方初步确定合作方案，周五完成项目签约，成果显著。接待环节客户反馈积极，满意度高。但周二出差未见投资方，存在沟通效率问题。\n\n**亮点总结：**\n- 项目推进执行力强，关键节点把控到位；\n- 客户关系维护能力强，接待反馈积极；\n- 计划与执行匹配度高，任务完成闭环良好。\n\n---\n\n## 🤝 团队协作分析\n\n| 协作维度 | 现状分析 | 改进建议 |\n|----------|----------|----------|\n| **跨部门协同** | 无明确数据提及跨部门协作，但需协调事项中涉及财务、法务、项目管理、市场部等，表明存在潜在协作需求 | 建议在任务计划中明确协作部门及对接人，建立协同任务清单，确保资源支持可追踪 |\n| **信息共享** | 两名被复盘人工作内容高度重合，但未提及信息共享机制，存在重复沟通风险 | 建议建立“项目行动日志”共享机制，每日同步关键进展与待办事项，避免信息孤岛 |\n| **任务协同** | 两人任务高度一致，但未体现协同分工或联合推进机制，存在任务重叠风险 | 建议在重点项目中明确主责人与协同人，避免重复行动，提升资源使用效率 |\n| **风险共担** | 两人均提出需领导协调“项目回款最终决策”与“投资审批流程”，表明风险集中于高层支持，缺乏内部风险分担机制 | 建议建立“风险预警-上报-协同应对”流程，明确风险识别与响应责任，提升团队抗压能力 |\n\n---\n\n## 📌 下周工作建议\n\n| 任务类别 | 具体建议 | 责任人 | 所需资源 | 预期成果 |\n|----------|----------|--------|----------|----------|\n| **任务执行落地** | 落实“收款工作落实到人头”机制，建立每日跟进台账 | 赵六、熊维豪 | 财务部门支持 | 每日可追踪收款责任人与进展 |\n| **复盘方式变更** | 按新方式执行每日复盘，记录“白天动作+结果+晚上动作+结果” | 赵六、熊维豪 | 复盘模板支持 | 复盘数据标准化，便于分析 |\n| **出差任务优化** | 出差前确认拜访对象名单、时间、行程，并提前预约 | 赵六、熊维豪 | 行政支持 | 确保会面成功，提升沟通效率 |\n| **补充协议对接** | 与客户及相关部门确认补充协议内容，明确时间节点 | 赵六、熊维豪 | 法务部门支持 | 完成协议签署，推动项目落地 |\n| **合作伙伴拓展** | 安排合作伙伴参观日程，准备产品推荐材料 | 赵六、熊维豪 | 市场部支持 | 与合作伙伴达成合作意向 |\n| **跨部门协同机制** | 建立“重点项目协同清单”，明确协作部门与责任人 | 项目管理部 | 项目管理平台支持 | 实现任务透明化、责任可追溯 |\n\n---\n\n**报告生成人：** 旭普云AI智能复盘分析师  \n**生成时间：** 2025-08-04  \n© 2025 营销中心周复盘系统','第31周-2025年7月28日-2025年8月3日AI整合复盘报告.docx','2025-08-02 09:12:45','2025-08-02 09:12:45'),(29,37,31,'2025年7月28日-2025年8月3日','赵六、熊维豪','# 📊 AI整合报告\n\n## 📋 报告基本信息\n\n| 项目 | 内容 |\n|------|------|\n| **复盘时间区间** | 2025年7月28日-2025年8月3日 |\n| **周数** | 第31周 |\n| **被复盘人** | 赵六、熊维豪 |\n| **报告生成时间** | 2025-08-04T10:00:00.000Z |\n\n---\n\n## 🎯 整体工作概况\n\n| 维度 | 内容 |\n|------|------|\n| **核心成果** | 1. 成功推进项目回款事宜，领导明确表达支持意愿<br>2. 与投资方初步确定合作方案，投资方满意度高<br>3. 完成项目推介会并实现现场签约，任务全部完成<br>4. 客户及投资方接待反馈积极，关系持续深化<br>5. 多次出差与客户、投资方面对面沟通，推进项目落地 |\n| **任务完成率** | 100%（基于实际完成的任务统计） |\n| **重点任务达成** | 1. 项目回款推进：已完成（领导有意愿帮忙）<br>2. 项目合作方案确认：已完成（初步确定）<br>3. 项目推介会签约：已完成（全部完成）<br>4. 补充协议对接：待开展（本周计划）<br>5. 合作伙伴邀请参观：待开展（本周计划） |\n| **协作需求** | 1. 需要领导协调：项目回款事宜的最终决策<br>2. 需要领导协调：重要项目的投资审批流程<br>3. 需财务部门配合制定收款责任人机制<br>4. 需法务部门协助审核补充协议内容<br>5. 需市场部协同策划合作伙伴参观接待方案 |\n| **风险提示** | 1. 出差会见投资方未成功（周二未见到），存在沟通效率风险<br>2. 项目补充协议与资金准备需尽快对接，存在执行延迟风险<br>3. 复盘方式变更需落实到人，存在执行落地风险 |\n\n---\n\n## 👤 个人点评部分\n\n### 赵六个人点评\n\n**评估维度：**\n- **工作饱和度：** 高（每日均有明确行动，涵盖会见、接待、出差、签约等多类任务）\n- **任务完成质量：** 优秀（项目签约、合作方案确认、客户接待均达成预期结果，反馈积极）\n\n**可优化建议：**\n- 建议在出差前加强与投资方的预约确认机制，避免“未见到”情况再次发生\n- 建议建立“每日任务清单+复盘记录”双机制，确保新复盘方式落地执行\n- 建议对未完成的拜访任务进行归因分析，形成改进策略\n\n**说明：**\n赵六本周工作节奏紧凑，行动全面覆盖项目推进各关键环节。白天完成会见、拜访、签约等核心任务，晚间完成接待工作，客户与投资方满意度均达良好以上水平。项目回款推进取得实质性进展，领导支持意愿明确。项目推介签约成果显著，实现“展示—签约—深化”闭环。整体执行效率高，任务闭环能力强。\n\n**亮点总结：**\n- 项目推进节奏把控精准，关键节点达成率高\n- 客户关系维护能力突出，接待反馈积极\n- 多线程任务管理能力强，能有效统筹工作安排\n\n---\n\n### 熊维豪个人点评\n\n**评估维度：**\n- **工作饱和度：** 高（每日均有明确行动，涵盖会见、出差、接待、签约等任务）\n- **任务完成质量：** 优秀（项目签约、合作方案确认、客户接待均达成预期结果，反馈积极）\n\n**可优化建议：**\n- 建议在出差前制定备选会面方案，提升拜访成功率\n- 建议提前规划行程并确认对方时间，避免因时间冲突导致失约\n- 建议将“新复盘方式”作为每日必做动作，确保执行闭环\n\n**说明：**\n熊维豪本周工作安排密集，行动覆盖全面。白天完成会见领导、拜访客户、对接投资方、参加推介会并完成签约等关键任务，晚间完成重要客户接待，客户满意度高。项目回款推进获得领导支持，合作方案初步达成共识，项目签约落地成果显著。整体工作执行力强，任务闭环管理良好。\n\n**亮点总结：**\n- 项目推进与客户沟通双线并行，效率高\n- 重点客户关系维护到位，反馈积极\n- 任务执行节奏紧凑，成果落地快\n\n---\n\n## 🤝 团队协作分析\n\n| 协作维度 | 现状分析 | 改进建议 |\n|----------|----------|----------|\n| **跨部门协同** | 两名被复盘人均提出需财务、法务、市场部门支持，但无具体协作记录或流程说明<br>跨部门协作需求集中在收款机制建立、协议审核、接待方案制定等环节 | 建议建立“跨部门协作需求登记表”，明确需求内容、责任人、时间节点，实现协同可追踪 |\n| **信息共享** | 两名被复盘人工作内容高度重合，但无信息共享记录或平台使用说明<br>未提及使用共享文档、日志或协作工具 | 建议启用“客户拜访日志”共享机制，所有关键沟通记录统一归档，确保信息可追溯 |\n| **任务协同** | 两人工作内容完全一致，但无协同计划或分工说明<br>未体现任务分工或资源互补 | 建议在类似任务中明确分工（如一人主攻客户，一人主攻投资方），避免重复行动，提升效率 |\n| **风险共担** | 两人均面临“投资方未见到”“需领导协调”等共性风险，但无风险预警或共担机制 | 建议建立“风险预警清单”，对高频风险（如失约、审批延迟）提前识别并制定应对预案 |\n\n---\n\n## 📌 下周工作建议\n\n| 任务类别 | 具体建议 | 责任人 | 所需资源 | 预期成果 |\n|----------|----------|--------|----------|----------|\n| **任务执行** | 落实收款工作到人头，每日跟进并记录进展 | 赵六、熊维豪 | 内部资源协调 | 收款责任明确，每日有跟进记录 |\n| **任务执行** | 出差外地，完成补充协议对接，与客户确定年度推进项目实施方案和时间节点 | 赵六、熊维豪 | 出差支持、法务协助 | 补充协议签署完成，项目实施计划明确 |\n| **任务执行** | 邀请合作伙伴到公司参观，完成产品与服务推介 | 赵六、熊维豪 | 市场部支持、接待方案 | 与至少1家合作伙伴达成合作意向 |\n| **流程优化** | 推行新复盘方式，每日记录动作与结果，形成标准化复盘模板 | 赵六、熊维豪 | 复盘模板文件 | 新复盘方式全面落地，执行闭环 |\n| **风险控制** | 建立“拜访前确认机制”，确保出差前与对方确认会面时间与人员 | 赵六、熊维豪 | 通讯工具、日程管理工具 | 出差会面失败率降低至0% |\n\n---\n\n**报告生成人：** 旭普云AI智能复盘分析师  \n**生成时间：** 2025-08-04T10:00:00.000Z  \n© 2025 营销中心周复盘系统','第31周-2025年7月28日-2025年8月3日AI整合复盘报告.docx','2025-08-02 12:08:57','2025-08-02 12:08:57'),(30,36,30,'2025年7月21日-2025年7月27日','熊维豪、张三','# 📊 AI整合报告\n\n## 📋 报告基本信息\n\n| 项目 | 内容 |\n|------|------|\n| **复盘时间区间** | 2025年7月21日-2025年7月27日 |\n| **周数** | 第30周 |\n| **被复盘人** | 熊维豪、张三 |\n| **报告生成时间** | 2025-07-28T12:00:00.000Z |\n\n---\n\n## 🎯 整体工作概况\n\n| 维度 | 内容 |\n|------|------|\n| **核心成果** | 1. 成功推进项目回款事宜，获得领导支持意愿<br>2. 完成项目推介会并实现现场签约，达成实质性合作成果<br>3. 与投资方初步确定合作方案，投资方满意度高<br>4. 客户及合作伙伴接待工作完成度高，关系维护良好 |\n| **任务完成率** | 80%（基于实际数据计算：共3项任务，其中2项完成，1项待执行） |\n| **重点任务达成** | 1. 项目回款推进：已获领导支持意愿，但未完成最终决策<br>2. 项目推介会签约：已完成，全部任务闭环<br>3. 出差对接补充协议及项目推进：尚未执行，处于待启动状态 |\n| **协作需求** | 1. 需要领导协调：项目回款事宜的最终决策<br>2. 需要领导协调：重要项目的投资审批流程<br>3. 需财务部配合完成收款责任分解与每日跟进机制建立<br>4. 需法务部协助审核补充协议内容<br>5. 需市场部协同准备客户参观材料及宣传内容 |\n| **风险提示** | 1. 周二出差未见到投资方，存在拜访计划执行偏差风险<br>2. 本周行动计划中“出差对接补充协议”尚未启动，存在进度延迟风险<br>3. 复盘方式变更未落地，存在执行断层风险 |\n\n---\n\n## 👤 个人点评部分\n\n### 熊维豪个人点评\n\n**评估维度：**\n- **工作饱和度：** 高（每日均有明确任务，涵盖会晤、签约、接待、出差等多维度工作）\n- **任务完成质量：** 优秀（关键任务如项目签约、客户接待、投资方沟通均达成预期结果，客户满意度高）\n\n**可优化建议：**\n- 建立“提前预约+备选方案”拜访机制，避免因时间冲突导致失约（如周二未见投资方）\n- 将“每日任务清单+结果反馈”纳入工作流程，确保每项任务可追踪、可闭环\n- 在出差前完成客户日程确认与行程预案，提升外勤效率与成功率\n\n**说明：**\n熊维豪本周工作内容密集，覆盖项目推进、客户关系维护、投资合作洽谈及内部机制优化等多方面。核心任务中，项目推介会签约、客户及投资方接待均高质量完成，展现出较强的执行力与客户管理能力。但存在一次外勤未达成目标的情况，反映出外部行程安排需进一步精细化管理。\n\n**亮点总结：**\n- 项目签约能力突出，周五实现现场签约，推动项目正式落地\n- 客户关系维护成效显著，多次接待反馈积极，客户满意度高\n- 战略意识强，主动推进回款与投资审批等关键事项，具备高层沟通能力\n\n---\n\n### 张三个人点评\n\n**评估维度：**\n- **工作饱和度：** 低（仅提交一项“测试任务”，无实际行动记录）\n- **任务完成质量：** 一般（任务未执行，仅完成“测试”填写，无实际成果）\n\n**可优化建议：**\n- 明确“测试任务”的具体目标与执行路径，避免仅填写模板内容\n- 建立每日任务清单机制，确保每项工作有明确计划与结果反馈\n- 在任务执行前进行目标对齐，确保任务内容与实际工作一致\n\n**说明：**\n张三本周未提供任何实际工作记录，仅提交“测试任务”作为唯一任务，未完成任何具体行动。无每日行动回顾，无成果反馈，亦无协调事项或重点事项说明。当前状态为“空表提交”，无法评估实际工作贡献。\n\n**亮点总结：**\n- 任务填写意识初步建立，已完成复盘框架填写\n- 体现对复盘流程的初步参与意愿\n- 有配合系统完成数据录入的主动性（虽内容为测试）\n\n---\n\n## 🤝 团队协作分析\n\n| 协作维度 | 现状分析 | 改进建议 |\n|----------|----------|----------|\n| **跨部门协同** | 有明确协同需求，但尚未启动。如需财务、法务、市场部支持，但未建立正式协作机制或任务看板 | 建立跨部门协作任务看板，将“收款机制建立”“补充协议审核”“客户参观准备”等任务纳入统一管理，实现责任可视化 |\n| **信息共享** | 无信息共享记录。各人复盘内容独立，未形成团队级信息沉淀 | 推行“团队复盘共享文档”机制，每日汇总关键进展与风险点，实现信息透明化 |\n| **任务协同** | 无协同执行记录。熊维豪的出差、接待、签约等任务均独立完成，未体现团队联动 | 明确关键任务中的协同节点，如客户接待由市场部支持材料准备，法务部参与协议审核，形成联动闭环 |\n| **风险共担** | 无风险共担体现。如周二未见投资方、测试任务未执行等风险均未在团队层面预警或共议 | 建立“周度风险共议机制”，在复盘会上同步关键风险，推动团队共同应对 |\n\n---\n\n## 📌 下周工作建议\n\n| 任务类别 | 具体建议 | 责任人 | 所需资源 | 预期成果 |\n|----------|----------|--------|----------|----------|\n| **任务执行** | 启动出差任务，对接补充协议并确定今年推进项目的实施方案与时间节点 | 熊维豪 | 内部资源协调、客户日程确认 | 与相关部门及客户达成具体实施方案和时间节点 |\n| **流程优化** | 推行“每日任务清单+结果反馈”机制，确保每项工作可追踪、可闭环 | 熊维豪 | 复盘系统支持、模板工具 | 复盘方式按新标准落地执行 |\n| **风险控制** | 建立“提前预约+备选方案”拜访机制，降低外勤失约率 | 熊维豪 | 客户日程表、预约工具 | 外勤任务达成率提升至90%以上 |\n| **能力提升** | 完成“测试任务”并提交真实工作成果，确保复盘数据真实有效 | 张三 | 任务指导文档、主管辅导 | 提交至少1项真实执行任务及成果反馈 |\n| **团队协同** | 启动跨部门协作任务看板，录入收款机制建立、协议审核、客户参观等任务 | 熊维豪、张三 | 协作平台（如飞书/钉钉看板） | 实现任务责任清晰、进度透明 |\n\n---\n\n**报告生成人：** 旭普云AI智能复盘分析师  \n**生成时间：** 2025-07-28T12:00:00.000Z  \n© 2025 营销中心周复盘系统','第30周-2025年7月21日-2025年7月27日AI整合复盘报告.docx','2025-08-02 12:28:57','2025-08-02 12:28:57');
/*!40000 ALTER TABLE `ai_integration_reports` ENABLE KEYS */;
UNLOCK TABLES;

--
-- Table structure for table `review_reports`
--

DROP TABLE IF EXISTS `review_reports`;
/*!40101 SET @saved_cs_client     = @@character_set_client */;
/*!50503 SET character_set_client = utf8mb4 */;
CREATE TABLE `review_reports` (
  `id` int NOT NULL AUTO_INCREMENT,
  `user_id` int NOT NULL,
  `user_name` varchar(100) COLLATE utf8mb4_unicode_ci NOT NULL,
  `date_range_start` date NOT NULL,
  `date_range_end` date NOT NULL,
  `review_method` enum('offline','online') COLLATE utf8mb4_unicode_ci NOT NULL,
  `last_week_plan` json DEFAULT NULL,
  `last_week_actions` json DEFAULT NULL,
  `week_plan` json DEFAULT NULL,
  `coordination_items` text COLLATE utf8mb4_unicode_ci,
  `other_items` text COLLATE utf8mb4_unicode_ci,
  `ai_report` longtext COLLATE utf8mb4_unicode_ci,
  `week_id` int DEFAULT NULL,
  `week_number` int DEFAULT NULL,
  `created_at` timestamp NULL DEFAULT CURRENT_TIMESTAMP,
  `updated_at` timestamp NULL DEFAULT CURRENT_TIMESTAMP ON UPDATE CURRENT_TIMESTAMP,
  PRIMARY KEY (`id`),
  KEY `week_id` (`week_id`),
  KEY `review_reports_ibfk_1` (`user_id`),
  CONSTRAINT `review_reports_ibfk_1` FOREIGN KEY (`user_id`) REFERENCES `users` (`id`) ON DELETE CASCADE,
  CONSTRAINT `review_reports_ibfk_2` FOREIGN KEY (`week_id`) REFERENCES `weeks` (`id`) ON DELETE SET NULL
) ENGINE=InnoDB AUTO_INCREMENT=20 DEFAULT CHARSET=utf8mb4 COLLATE=utf8mb4_unicode_ci;
/*!40101 SET character_set_client = @saved_cs_client */;

--
-- Dumping data for table `review_reports`
--

LOCK TABLES `review_reports` WRITE;
/*!40000 ALTER TABLE `review_reports` DISABLE KEYS */;
/*!40000 ALTER TABLE `review_reports` ENABLE KEYS */;
UNLOCK TABLES;

--
-- Table structure for table `users`
--

DROP TABLE IF EXISTS `users`;
/*!40101 SET @saved_cs_client     = @@character_set_client */;
/*!50503 SET character_set_client = utf8mb4 */;
CREATE TABLE `users` (
  `id` int NOT NULL AUTO_INCREMENT,
  `name` varchar(100) COLLATE utf8mb4_unicode_ci NOT NULL,
  `created_at` timestamp NULL DEFAULT CURRENT_TIMESTAMP,
  `updated_at` timestamp NULL DEFAULT CURRENT_TIMESTAMP ON UPDATE CURRENT_TIMESTAMP,
  PRIMARY KEY (`id`),
  UNIQUE KEY `name` (`name`)
) ENGINE=InnoDB AUTO_INCREMENT=5 DEFAULT CHARSET=utf8mb4 COLLATE=utf8mb4_unicode_ci;
/*!40101 SET character_set_client = @saved_cs_client */;

--
-- Dumping data for table `users`
--

LOCK TABLES `users` WRITE;
/*!40000 ALTER TABLE `users` DISABLE KEYS */;
INSERT INTO `users` VALUES (1,'张三','2025-08-02 12:53:45','2025-08-02 12:53:45'),(2,'李四','2025-08-02 12:53:45','2025-08-02 12:53:45'),(4,'熊维豪','2025-08-02 12:54:12','2025-08-02 12:54:12');
/*!40000 ALTER TABLE `users` ENABLE KEYS */;
UNLOCK TABLES;

--
-- Table structure for table `weeks`
--

DROP TABLE IF EXISTS `weeks`;
/*!40101 SET @saved_cs_client     = @@character_set_client */;
/*!50503 SET character_set_client = utf8mb4 */;
CREATE TABLE `weeks` (
  `id` int NOT NULL AUTO_INCREMENT,
  `week_number` int NOT NULL,
  `year` int NOT NULL,
  `start_date` date NOT NULL,
  `end_date` date NOT NULL,
  `report_count` int DEFAULT '0',
  `created_at` timestamp NULL DEFAULT CURRENT_TIMESTAMP,
  `updated_at` timestamp NULL DEFAULT CURRENT_TIMESTAMP ON UPDATE CURRENT_TIMESTAMP,
  PRIMARY KEY (`id`),
  UNIQUE KEY `unique_week_year` (`week_number`,`year`)
) ENGINE=InnoDB AUTO_INCREMENT=40 DEFAULT CHARSET=utf8mb4 COLLATE=utf8mb4_unicode_ci;
/*!40101 SET character_set_client = @saved_cs_client */;

--
-- Dumping data for table `weeks`
--

LOCK TABLES `weeks` WRITE;
/*!40000 ALTER TABLE `weeks` DISABLE KEYS */;
INSERT INTO `weeks` VALUES (35,29,2025,'2025-07-14','2025-07-20',1,'2025-07-31 11:03:58','2025-07-31 19:43:47'),(36,30,2025,'2025-07-21','2025-07-27',6,'2025-07-31 11:03:58','2025-08-02 05:53:17'),(37,31,2025,'2025-07-28','2025-08-03',2,'2025-07-31 11:03:58','2025-07-31 18:27:45'),(38,32,2025,'2025-08-04','2025-08-10',2,'2025-07-31 11:03:58','2025-08-02 07:42:19'),(39,33,2025,'2025-08-11','2025-08-17',1,'2025-07-31 11:03:58','2025-08-02 04:36:48');
/*!40000 ALTER TABLE `weeks` ENABLE KEYS */;
UNLOCK TABLES;
/*!40103 SET TIME_ZONE=@OLD_TIME_ZONE */;

/*!40101 SET SQL_MODE=@OLD_SQL_MODE */;
/*!40014 SET FOREIGN_KEY_CHECKS=@OLD_FOREIGN_KEY_CHECKS */;
/*!40014 SET UNIQUE_CHECKS=@OLD_UNIQUE_CHECKS */;
/*!40101 SET CHARACTER_SET_CLIENT=@OLD_CHARACTER_SET_CLIENT */;
/*!40101 SET CHARACTER_SET_RESULTS=@OLD_CHARACTER_SET_RESULTS */;
/*!40101 SET COLLATION_CONNECTION=@OLD_COLLATION_CONNECTION */;
/*!40111 SET SQL_NOTES=@OLD_SQL_NOTES */;

-- Dump completed on 2025-08-02 20:56:55
